{
	"N": 20,
	"tf": 3,
	"dimx": 12,
	"dimu": 4,
	"ulb": [0.2, 0.2, 0.2, 0.2],
	"uub": [0.9, 0.9, 0.9, 0.9],
	"ubase": [0.64636117, 0.64636117, 0.64636117, 0.64636117],
	"F": [10, 10, 10, 10, 10, 10, 10, 10, 10, 10, 10, 10],
    "Q": [2.0, 2.0 ,2.0, 5.0, 5.0, 5.0, 0.0, 0.0, 0.0, 5.0, 5.0, 5.0],
    "R": [100, 100, 100, 100],
    "RDU_": [0, 0, 0, 0],
	"xfbase": [-0.26,3.0,2.0,0,0,0,0,0,0,0,0,0],
	"x0base": [-0.26,-0.73,0.0,0,0,0,0,0,0,0,0,0],
	"xf": [0.0,0.0,0,0,0,0,0,0,0,0,0,0],
	"x0": [0,0,0.0,0,0,0,0,0,0,0,0,0],
	"fixxf": 0,
    "xlb":[-1e10, -1e10, -1e10, -3, -3, -3, -10, -10, -10, -5, -5, -5], 
    "xub":[1e10, 1e10, 1e10, 3, 3, 3, 10, 10, 10, 5, 5, 5]
}