{
	"N": 20,
	"tf": [0.001, 10],
	"tfweight": 2,
	"dimx": 12,
	"dimu": 4,
	"ulb": [0.2, 0.2, 0.2, 0.2],
	"uub_": [0.75, 0.75, 0.75, 0.75],
	"uub": [0.85, 0.85, 0.85, 0.85],
	"ubase_": [0, 0, 0, 0],
	"ubase": [0.64636117, 0.64636117, 0.64636117, 0.64636117],
	"F": [100, 100, 100, 100, 100, 100, 10, 10, 10, 10, 10, 10],
	"Q": [0.0, 0.0 ,0.0, 1.0, 1.0, 1.0, 0.0, 0.0, 0.0, 1.0, 1.0, 1.0],
	"Q_": [0.0, 0.0 ,0.0, 1.0, 1.0, 1.0, 1.0, 1.0, 1.0, 1.0, 1.0, 1.0],
	"R": [5, 5, 5, 5],
	"R_": [5, 5, 5, 5],
	"RDU": [0, 0, 0, 0],
	"incorredtRDU": 0,
	"Q_": [0.0, 0.0 ,0.0, 0.0, 0.0, 0.0, 0.0, 0.0, 0.0, 0.0, 0.0, 0.0],
	"R_": [0, 0, 0, 0],
	"xfbase": [-0.26,3.0,2.0,0,0,0,0,0,0,0,0,0],
	"x0base": [-0.26,-0.73,0.0,0,0,0,0,0,0,0,0,0],
	"xf": [0,0,0.0,0,0,0,0,0,0,0,0,0],
	"x0": [0,0,0.0,0,0,0,0,0,0,0,0,0],
	"fixxf": 1,
    "xlb":[-1e10, -1e10, -1e10, -3, -3, -3, -10, -10, -10, -5, -5, -5], 
    "xub":[1e10, 1e10, 1e10, 3, 3, 3, 10, 10, 10, 5, 5, 5],
    "center_": [
        [5, 5, 4.5]
    ],
    "radius_":[
        0
    ]
}
